customer_id,reported_income,credit_limit,balance_month_1,payment_month_1,interim_bal_1,balance_month_2,payment_month_2,interim_bal_2,balance_month_3,payment_month_3
1001,141958,113566,64337,27070,37267,87741,77282,10459,33926,383
1002,166867,133494,60960,24911,36049,38378,12022,26356,69211,46863
1003,151932,121546,15974,13496,2478,79035,28566,50469,62629,28884
1004,279178,223342,81380,57823,23557,138997,110509,28488,109799,86181
1005,139879,111903,56584,45608,10976,59795,3516,56279,97196,9427
1006,130268,104214,75384,2443,72941,88146,58765,29381,95053,29127
1007,227892,182314,138895,102544,36351,117978,77355,40623,119027,32073
1008,,59909,19751,5857,13894,18473,4840,13633,21159,6964
1009,157337,125870,124057,104946,19111,51642,36229,15413,122546,106555
1010,300000,240000,149593,124190,25403,213934,18803,195131,202573,73003
1011,195203,156162,135073,107727,27346,142552,48162,94390,107087,44432
1012,211335,169068,150919,136094,14825,154149,72472,81677,168975,74264
1013,298167,238534,214259,205111,9148,150848,35786,115062,115642,35408
1014,61090,48872,2009,819,1190,37263,27183,10080,26245,25986
1015,349365,279492,229055,147223,81832,231182,229309,1873,31024,22462
1016,84820,67856,52170,21245,30925,53549,45882,7667,55510,20659
1017,282913,226330,175963,7364,168599,218631,63546,155085,221998,181435
1018,341879,273503,100796,1836,98960,124523,40200,84323,131910,70784
1019,214027,171222,66984,14905,52079,80493,16495,63998,161924,161031
1020,347069,,252978,194180,58798,198704,152187,46517,158460,28233
1021,272709,218167,84414,16531,67883,153840,145419,8421,150650,110162
1022,219041,175233,95991,68831,27160,39692,32030,7662,48184,39166
1023,287455,229964,143370,113545,29825,113563,89798,23765,205888,1945
1024,123355,98684,30311,12294,18017,56753,1532,55221,58386,15790
1025,255796,204637,2363,498,1865,20066,11635,8431,83865,52182
1026,234176,187341,100690,66195,34495,103271,11402,91869,148311,106431
1027,204779,163823,58912,46234,12678,44264,28989,15275,37681,24557
1028,278795,223036,138169,53219,84950,179789,131144,48645,115071,73569
1029,200000,160000,50194,12374,37820,39731,27804,11927,132154,40474
1030,169503,135602,40044,22851,17193,85158,54517,30641,90268,81465
1031,150523,120418,116895,33068,83827,111093,95575,15518,32478,5131
1032,22747,18198,11359,4992,6367,13406,738,12668,15274,3314
1033,143855,115084,73781,46934,26847,71076,2071,69005,83017,62415
1034,85725,68580,64228,21720,42508,63978,18541,45437,66510,4523
1035,149981,119985,18987,8858,10129,54749,4035,50714,93951,55063
1036,104654,83723,31140,30401,739,76689,53440,23249,38565,38552
1037,87435,69948,17645,1491,16154,63306,35148,28158,45756,23860
1038,339030,271224,55034,18503,36531,129286,15321,113965,269845,67846
1039,348947,279158,25972,19213,6759,29644,17192,12452,163125,147650
1040,51551,41241,31512,13213,18299,18976,4476,14500,32309,21642
1041,293538,234830,177847,151912,25935,199158,11089,188069,209770,137073
1042,23890,19112,3239,1141,2098,10145,1170,8975,10617,8283
1043,61606,49285,30774,3954,26820,31403,2779,28624,47392,23865
1044,276840,221472,219986,84994,134992,158932,90499,68433,91617,37361
1045,161699,129359,110072,86757,23315,69876,15606,54270,124922,6613
1046,290936,232749,38714,9063,29651,100310,17894,82416,132722,65707
1047,259931,207945,146251,131574,14677,153183,34251,118932,141968,110049
1048,259629,207703,15163,12526,2637,187724,147880,39844,105399,27550
1049,225041,180033,55856,19908,35948,150746,113620,37126,78122,17738
1050,194073,155258,1000,129,871,110619,21432,89187,127194,97485
1051,227624,182099,181532,79774,101758,153780,141390,12390,150855,113150
1052,88148,70518,43135,25175,17960,43371,9780,33591,57141,40437
1053,272801,218241,34369,18484,15885,41750,22700,19050,106999,92794
1054,144243,115394,31035,20606,10429,57376,20126,37250,96124,91700
1055,271995,217596,202400,60297,142103,183045,34744,148301,157951,83808
1056,174555,139644,29388,1522,27866,91454,71323,20131,133605,66528
1057,68555,54844,28718,11154,17564,27334,11545,15789,38036,28445
1058,,221206,45952,31354,14598,214952,212933,2019,162635,50447
1059,299303,239442,100736,55101,45635,62922,50704,12218,16368,1829
1060,126530,101224,50051,48561,1490,14954,7566,7388,25889,22850
1061,100077,80062,59059,8116,50943,71189,35223,35966,39430,17442
1062,318064,254451,91322,19466,71856,159566,72794,86772,110759,85559
1063,220551,176441,50063,39363,10700,106897,30217,76680,82244,79970
1064,301601,241281,233597,195270,38327,200145,161765,38380,184356,108046
1065,228261,182609,152153,25999,126154,169556,76945,92611,150822,15506
1066,260181,208145,58025,13215,44810,110505,102268,8237,77270,41275
1067,335139,268111,191788,116336,75452,160359,89230,71129,172110,3406
1068,75000,60000,24220,21197,3023,54840,50848,3992,59355,49489
1069,291836,233469,214900,165395,49505,122732,121234,1498,67970,37532
1070,222283,177826,22705,19467,3238,16828,3141,13687,149829,136541
1071,216769,173415,22625,12476,10149,143014,107216,35798,150302,18604
1072,90000,72000,30853,3076,27777,32418,13800,18618,38080,2207
1073,243165,194532,120817,90613,30204,63967,33388,30579,152061,104610
1074,119299,95439,28661,18789,9872,10086,7979,2107,93321,38836
1075,31534,25227,17281,5072,12209,24731,23596,1135,10679,1721
1076,60397,48318,392,373,19,3293,3037,256,9608,207
1077,277750,222200,165953,161848,4105,69779,48839,20940,95596,23007
1078,283160,226528,199723,132791,66932,94353,18205,76148,186534,14931
1079,75591,60473,31448,28347,3101,41336,35970,5366,35691,5203
1080,240884,192707,94603,59614,34989,183746,106289,77457,93281,40790
1081,43247,34598,22118,1220,20898,30382,22141,8241,22362,7026
1082,44300,35440,12116,4657,7459,24047,23619,428,23380,21870
1083,102798,82238,25344,23443,1901,52067,14989,37078,56982,36558
1084,29268,23414,17536,6641,10895,18983,16418,2565,6566,4398
1085,294329,235463,174751,17195,157556,210588,204847,5741,71035,15810
1086,214776,171821,97711,76640,21071,35816,12013,23803,71750,12292
1087,237851,190281,150082,61619,88463,103638,55760,47878,71304,43130
1088,256584,205267,124145,82439,41706,92527,64952,27575,92563,45759
1089,58044,46435,45123,18447,26676,32753,29992,2761,42802,30633
1090,333358,266686,220619,135752,84867,214346,185516,28830,50999,17425
1091,25000,,3898,325,3573,18991,9941,9050,11924,5005
1092,322918,258334,206202,70489,135713,150849,43551,107298,199377,179154
1093,284712,227770,130370,117572,12798,115243,57475,57768,121975,90326
1094,140151,112121,97119,25166,71953,89810,57811,31999,68194,34095
1095,153767,123014,47526,45822,1704,21634,21015,619,47353,36903
1096,144375,115500,55491,33846,21645,61926,59016,2910,67230,5190
1097,199262,159410,147953,115203,32750,59898,18768,41130,88869,66965
1098,156330,125064,2037,450,1587,81933,5831,76102,110893,11697
1099,321648,257318,180814,11052,169762,189313,38421,150892,254018,23034
1100,184231,147385,129274,84230,45044,75325,39755,35570,127508,16361
1101,33986,27189,23954,16996,6958,8691,1395,7296,17739,11189
1102,81858,65486,25699,10656,15043,56101,17767,38334,45984,42522
1103,149312,119450,62263,6286,55977,112954,68190,44764,113848,4704
1104,,26133,6338,1997,4341,24558,23588,970,2431,1010
1105,320804,256643,67628,66363,1265,181586,64353,117233,145692,11768
1106,154633,123706,103391,89731,13660,104696,54395,50301,58073,39603
1107,308998,247198,106999,97629,9370,133006,66235,66771,198838,79276
1108,346649,277319,219065,211803,7262,212988,104339,108649,183166,170487
1109,124488,99590,15492,14535,957,5657,4391,1266,95799,40871
1110,203323,162658,75181,32284,42897,137070,21984,115086,145832,42087
1111,304806,243845,241828,188713,53115,206433,144891,61542,142472,47757
1112,290536,232429,100946,11633,89313,112232,100791,11441,62374,57956
1113,50535,40428,7809,7805,4,11379,10549,830,22585,15175
1114,334400,267520,135118,94547,40571,72494,34422,38072,200751,117352
1115,317366,253893,92307,35065,57242,206661,80223,126438,150700,55436
1116,97373,77898,42325,38927,3398,33421,4077,29344,31816,2723
1117,143684,114947,49525,20094,29431,82551,30456,52095,96080,7521
1118,293109,234487,211627,199625,12002,135841,128303,7538,190416,145647
1119,44538,,33013,4781,28232,29995,5310,24685,34152,16117
1120,221664,177331,69973,60656,9317,137540,88626,48914,163036,42297
1121,159182,127346,32220,4992,27228,119379,11459,107920,111640,106203
1122,178338,142670,75150,60569,14581,60001,59584,417,83168,32431
1123,204064,163251,16434,11602,4832,17085,5384,11701,84605,14598
1124,234020,187216,118166,13599,104567,186541,55833,130708,146191,42823
1125,118806,95045,37679,19430,18249,24993,9629,15364,89339,44104
1126,110982,88786,20583,14379,6204,72359,33573,38786,70905,62648
1127,141626,113301,29837,27088,2749,19268,11575,7693,58651,36851
1128,139176,111341,25776,11050,14726,56255,50702,5553,71159,14672
1129,238126,190501,60712,53317,7395,8383,5194,3189,4758,3863
1130,238969,191175,84744,35600,49144,103834,60976,42858,134842,132516
1131,142409,113927,101749,17714,84035,92048,16126,75922,79836,12892
1132,43419,34735,21702,17344,4358,28126,16273,11853,21530,17615
1133,273618,218894,34041,9924,24117,87577,10602,76975,80262,49051
1134,265310,212248,39832,38391,1441,115452,22708,92744,99246,83464
1135,70015,56012,29123,28095,1028,6762,3632,3130,8712,6004
1136,268550,214840,103756,99717,4039,20981,842,20139,100167,69316
1137,142096,113677,28368,25400,2968,70779,35127,35652,91210,9854
1138,127059,101647,45574,35144,10430,12667,6723,5944,18948,10464
1139,205340,164272,84843,38863,45980,153998,23625,130373,142065,115771
1140,,104550,77930,66608,11322,84813,46935,37878,99746,11938
1141,231428,185142,171456,164884,6572,111595,23948,87647,126851,22707
1142,125878,,25094,16004,9090,47559,20809,26750,44606,8628
1143,222982,178386,43975,37665,6310,176728,29762,146966,151257,102717
1144,218286,174629,28415,1028,27387,72685,51072,21613,57485,13213
1145,269002,215202,163575,108175,55400,134974,15570,119404,164635,142766
1146,270396,216317,110860,71584,39276,78944,40852,38092,161578,115199
1147,184899,147919,120112,8672,111440,136092,29801,106291,136265,124873
1148,344767,275814,136550,28455,108095,182431,48399,134032,175269,152357
1149,63585,50868,25704,6673,19031,36214,11210,25004,39809,29016
1150,84044,67235,67132,41238,25894,34195,32167,2028,63003,55407
1151,129556,103645,16209,13246,2963,21340,16687,4653,46922,34945
1152,22693,18154,10411,3072,7339,17129,4828,12301,12703,7609
1153,263307,210646,18476,5450,13026,98500,73634,24866,110656,74626
1154,220235,176188,93909,48742,45167,139192,133896,5296,91468,70610
1155,45939,36751,11378,7736,3642,4498,3634,864,6983,3917
1156,172906,138325,89450,54367,35083,51291,27521,23770,71972,59815
1157,38047,30438,15617,8653,6964,12551,10376,2175,26768,22909
1158,308249,246599,103535,15725,87810,156067,155664,403,176077,9048
1159,,76613,15423,3084,12339,43606,24397,19209,50580,2754
1160,64262,51410,19428,10573,8855,35510,33260,2250,28829,7710
1161,305920,244736,145309,105910,39399,232082,21891,210191,223310,29598
1162,181152,144922,58936,13593,45343,47792,35589,12203,15415,10036
1163,148376,118701,106917,43688,63229,104630,35458,69172,111365,105810
1164,157848,126278,72393,64057,8336,57824,53735,4089,109419,49604
1165,112787,90230,6701,3943,2758,81383,61194,20189,82092,34712
1166,91000,72800,14024,14018,6,42062,23869,18193,51809,17844
1167,75016,60013,22341,3094,19247,54015,25875,28140,52664,31898
1168,41959,33567,28786,18677,10109,28788,26871,1917,29292,12913
1169,,125282,92704,1336,91368,110382,64251,46131,61472,38550
1170,245928,196742,153160,39323,113837,145515,40230,105285,123819,4897
1171,285892,228714,38191,34982,3209,124417,107872,16545,141602,66843
1172,100000,80000,40505,10397,30108,37174,34182,2992,67582,5836
1173,33545,26836,20727,1855,18872,24105,2779,21326,24390,20669
1174,185838,148670,144222,49665,94557,144767,12762,132005,132944,103358
1175,81087,64870,9275,3666,5609,61919,49240,12679,38821,9824
1176,88840,71072,10629,2376,8253,46804,32113,14691,39012,2162
1177,138451,110761,78292,30441,47851,110399,69380,41019,73783,42227
1178,333149,266519,5095,3496,1599,147196,19162,128034,243871,167626
1179,59353,47482,9237,6235,3002,17480,7603,9877,45793,22483
1180,213075,170460,142059,27853,114206,166517,125070,41447,134094,127992
1181,234283,187426,5212,957,4255,163181,103121,60060,162925,67184
1182,334877,267902,128679,107869,20810,260340,61872,198468,201808,27661
1183,85318,68254,39202,24722,14480,68246,64548,3698,14004,10526
1184,261025,208820,49454,23938,25516,172470,9353,163117,193061,31427
1185,87172,69738,50987,19034,31953,55176,36270,18906,61827,30943
1186,236688,189350,150414,1074,149340,160206,100916,59290,176930,42310
1187,276951,221561,140914,120985,19929,191602,151339,40263,106125,32560
1188,113264,90611,68398,43877,24521,38035,37031,1004,36065,5083
1189,266458,213166,22948,539,22409,142804,22643,120161,158487,139363
1190,308880,247104,200992,155641,45351,203102,134189,68913,113429,921
1191,245281,196225,150065,28716,121349,140279,75386,64893,121645,8791
1192,132859,106287,79172,1155,78017,78752,2763,75989,85169,40825
1193,289536,231629,41703,16758,24945,66881,30654,36227,166519,14787
1194,337824,270259,65345,11380,53965,84647,64331,20316,133760,71615
1195,277426,,163015,158194,4821,182157,45489,136668,219274,163849
1196,197789,158231,91570,42618,48952,105520,75906,29614,60929,3152
1197,238164,190531,71232,49137,22095,35843,22041,13802,153449,99672
1198,333003,266402,165713,126261,39452,110363,87933,22430,44156,7005
1199,145657,116526,28899,10476,18423,35499,2230,33269,99120,26965
1200,255167,204134,183820,18632,165188,178641,104896,73745,155337,67840
1201,177381,141905,81735,16993,64742,109571,69418,40153,135939,120537
1202,214806,171845,80510,71656,8854,36274,11588,24686,60031,34252
1203,90467,72374,31665,5355,26310,65903,36866,29037,44074,31136
1204,203734,162987,159484,65404,94080,152761,113685,39076,71612,25879
1205,118506,94805,71480,8121,63359,74823,56860,17963,60826,42906
1206,129751,103801,87026,41648,45378,77964,35412,42552,83711,52507
1207,307486,245989,151984,79905,72079,206679,143338,63341,184243,166856
1208,188229,150583,25811,20101,5710,141826,101963,39863,51935,9085
1209,126081,100865,88503,84476,4027,59229,56490,2739,72081,65463
1210,109045,87236,86178,48828,37350,61276,38735,22541,48679,27252
1211,,320000,78134,35674,42460,295854,108564,187290,211132,198550
1212,130078,104062,81950,57419,24531,81637,2310,79327,101154,88259
1213,42671,34137,21931,16237,5694,31944,10449,21495,24035,9018
1214,106202,84962,39930,7747,32183,34857,34726,131,47924,15263
1215,71663,57330,6538,5237,1301,29188,21572,7616,42070,15162
1216,35708,28566,2822,748,2074,26463,4789,21674,25768,19972
1217,331955,265564,68823,6639,62184,163536,52196,111340,228412,81427
1218,398000,318400,122885,49026,73859,165078,110755,54323,316268,249079
1219,338394,270715,199195,158554,40641,101594,22366,79228,238385,120804
1220,132547,106038,76902,5207,71695,91530,64346,27184,67648,33166
1221,54754,43803,15308,3456,11852,30485,7798,22687,40617,32212
1222,246814,197451,128920,80923,47997,176104,52216,123888,133962,93198
1223,257714,206171,137664,113448,24216,72863,10079,62784,98836,91285
1224,162483,129986,91095,36708,54387,59057,52808,6249,65940,37751
1225,,123186,10559,871,9688,26213,11254,14959,58937,44147
1226,234835,187868,100318,85172,15146,76860,54106,22754,182859,78351
1227,104896,83917,66560,53882,12678,66329,60614,5715,61819,54937
1228,91295,73036,18663,2715,15948,36578,30438,6140,30020,9175
1229,239686,191749,89056,10248,78808,105075,70058,35017,62251,49334
1230,293255,234604,7202,5067,2135,78004,6776,71228,160358,92590
1231,319648,255718,132098,93448,38650,248386,210704,37682,207384,136359
1232,152874,122299,64125,7589,56536,85630,8413,77217,105475,48834
1233,28155,22524,21502,18127,3375,20016,17557,2459,13276,10179
1234,321528,257222,96357,51712,44645,109349,105735,3614,215936,165945
1235,67254,53803,39521,32684,6837,9436,3564,5872,22910,21045
1236,304062,243250,151616,65881,85735,102122,21518,80604,121676,4453
1237,105981,84785,57512,43094,14418,55230,7484,47746,74201,55282
1238,50306,40245,1544,1520,24,161,14,147,11351,1968
1239,167718,134174,104302,67585,36717,122857,79298,43559,86047,50387
1240,328987,263190,96824,41888,54936,198963,71738,127225,188888,15921
1241,140975,112780,109201,13341,95860,104249,73580,30669,71113,17433
1242,50000,40000,2258,133,2125,13007,12075,932,27276,13364
1243,167443,133954,48630,17300,31330,132683,41021,91662,130395,27820
1244,153121,122497,304,176,128,22823,4328,18495,91917,5824
1245,182688,146150,66459,20342,46117,68903,8016,60887,102988,49493
1246,303076,242461,31245,850,30395,143011,126116,16895,81713,1884
1247,137796,110237,27231,26439,792,63650,47584,16066,21195,4114
1248,311999,249599,19652,5609,14043,56099,51974,4125,40448,9341
1249,212506,170005,143858,167,143691,165455,148149,17306,28382,18602
1250,194088,155270,126635,53892,72743,136982,15628,121354,141164,115491
1251,289544,231635,100326,44641,55685,138792,45773,93019,178047,45990
1252,193714,154971,96857,86140,10717,17891,8420,9471,11228,11111
1253,35151,28121,9033,3538,5495,20246,16777,3469,11379,10811
1254,86690,69352,40492,24331,16161,56070,12799,43271,44855,19078
1255,24499,19599,15054,498,14556,18669,10163,8506,9994,2591
1256,26295,21036,20249,17244,3005,17721,16724,997,4092,1208
1257,341184,272947,272334,117877,154457,222887,88930,133957,254690,164091
1258,294327,235462,72512,61711,10801,104156,58222,45934,52062,1667
1259,163946,131157,33113,9232,23881,31448,21168,10280,45635,31384
1260,52711,42169,21089,678,20411,26696,20121,6575,35051,34829
1261,287683,230146,219913,32036,187877,189396,151813,37583,179210,143038
1262,204423,163538,80029,44794,35235,134520,115964,18556,80793,3801
1263,199426,159541,59908,58534,1374,16089,2212,13877,46242,19923
1264,153629,122903,105298,38951,66347,88187,35903,52284,104726,3309
1265,320504,256403,208830,29075,179755,207415,118882,88533,217952,137177
1266,233090,186472,148468,35628,112840,141857,18159,123698,135011,27234
1267,153272,122618,119114,71482,47632,84556,21136,63420,98875,57344
1268,263548,210838,147797,117269,30528,66123,63480,2643,65746,54106
1269,198047,158438,1354,771,583,19981,704,19277,154947,25547
1270,,242801,225230,128461,96769,126923,71058,55865,142305,107885
1271,139121,111297,14321,876,13445,22108,21651,457,32892,15751
1272,97505,78004,20235,75,20160,59193,31769,27424,32478,1640
1273,22869,18295,15590,12402,3188,15714,349,15365,16758,3892
1274,277186,221749,67500,24652,42848,182261,45002,137259,216372,124744
1275,332252,265802,204751,60758,143993,250967,163623,87344,219928,105063
1276,132296,105837,52050,28653,23397,77375,29742,47633,85091,3123
1277,114179,91343,76103,44325,31778,36699,11306,25393,75776,41137
1278,110272,88218,31684,24944,6740,56100,40833,15267,72006,68228
1279,58467,46774,6435,3537,2898,20649,2607,18042,32243,23442
1280,305472,244378,76394,1538,74856,232089,227219,4870,84488,32077
1281,155059,124047,97643,73573,24070,35645,8777,26868,94133,51562
1282,78871,63097,2956,1356,1600,28487,1017,27470,50620,5799
1283,148391,118713,1818,1629,189,5300,2428,2872,116778,115219
1284,106416,85133,26649,23476,3173,74327,6222,68105,71262,9595
1285,326208,260966,238312,173780,64532,200811,149116,51695,68170,167
1286,276687,221350,32391,24600,7791,135069,90626,44443,144143,102720
1287,221163,176930,169005,66447,102558,146413,121552,24861,140912,57354
1288,127450,101960,72935,45871,27064,48100,17361,30739,93370,22316
1289,191890,153512,82289,26517,55772,152336,131006,21330,131538,77818
1290,301974,241579,124120,52625,71495,94688,35681,59007,166361,88402
1291,136381,109105,105994,85554,20440,58842,40294,18548,71707,53982
1292,67333,53866,24860,9189,15671,47215,35735,11480,18766,9323
1293,154508,123606,54607,22727,31880,51319,25518,25801,51144,31507
1294,225362,180290,11565,6091,5474,42660,10739,31921,75752,1357
1295,170810,136648,49713,10211,39502,126905,57846,69059,86523,78894
1296,312890,250312,76763,29848,46915,53130,33881,19249,167708,1677
1297,69377,55502,22425,6839,15586,17868,7403,10465,15224,2778
1298,336189,268951,138097,48834,89263,226643,137471,89172,249160,132676
1299,156672,125338,57052,51914,5138,27097,13454,13643,28144,20453
1300,245732,196586,169285,122348,46937,165145,79970,85175,135064,19530
1301,191836,153469,20521,17897,2624,26364,55,26309,91621,62519
1302,225615,180492,149340,22842,126498,129442,106748,22694,144244,72020
1303,65714,52571,28170,129,28041,31355,18610,12745,48554,27096
1304,122946,98357,70935,27938,42997,82569,59340,23229,85534,41399
1305,125983,100786,70730,27670,43060,84062,30863,53199,64879,53378
1306,207563,166050,33236,17187,16049,37528,29176,8352,147122,47971
1307,45000,36000,4352,3736,616,35024,18952,16072,34009,2409
1308,325628,260502,170111,23632,146479,178116,85326,92790,124895,34377
1309,,82391,70079,12119,57960,66534,44838,21696,36141,11136
1310,318356,254685,80211,13104,67107,253825,116628,137197,217093,162799
1311,325669,260535,85769,85692,77,81652,65845,15807,127355,99009
1312,198274,158619,98868,30914,67954,74574,28956,45618,135761,101633
1313,183707,146966,111484,93968,17516,124194,61378,62816,123568,81225
1314,345352,276282,44672,44061,611,74239,58071,16168,105336,48871
1315,315972,252778,233887,115364,118523,198867,87372,111495,186734,84756
1316,285564,228451,210659,15241,195418,210637,171302,39335,151911,12824
1317,151373,121098,99733,12086,87647,109185,60611,48574,107015,53915
1318,135294,108235,20929,1231,19698,92861,33936,58925,61349,44257
1319,144019,115215,13674,4911,8763,77972,19017,58955,70843,14477
1320,85726,68581,47219,3355,43864,56043,22445,33598,49511,26589
1321,161564,129251,16032,12721,3311,126190,17176,109014,117926,2169
1322,288246,230597,74309,17111,57198,157217,3071,154146,161892,135773
1323,201408,161126,116203,115581,622,35690,34234,1456,30313,28508
1324,138015,110412,68074,52381,15693,21718,4451,17267,28269,6851
1325,236386,189109,185868,150939,34929,41596,29877,11719,152736,111971
1326,274079,219263,208020,122531,85489,108743,108343,400,41370,33996
1327,46641,37313,20916,20503,413,27468,2287,25181,29416,19846
1328,185656,148525,107844,26000,81844,104544,53847,50697,69336,34350
1329,183817,147054,89627,66477,23150,64602,39329,25273,46470,6313
1330,56631,45305,14294,6834,7460,19825,11863,7962,40029,11061
1331,262289,209831,142066,105052,37014,57780,52705,5075,35282,18193
1332,92991,74393,29998,18991,11007,40575,16018,24557,52673,5692
1333,24014,19211,12739,4553,8186,8976,2796,6180,17535,2673
1334,293237,234590,49220,36523,12697,74535,51363,23172,169098,67085
1335,38070,30456,28476,24642,3834,23271,3162,20109,30247,584
1336,317921,254337,107687,95970,11717,68977,17984,50993,138468,94637
1337,76958,61566,52359,48953,3406,11311,9133,2178,25573,13976
1338,102074,81659,37090,22799,14291,39226,31520,7706,81093,49292
1339,30729,24583,17714,9751,7963,24040,23026,1014,8689,3046
1340,250785,200628,183537,35519,148018,165067,145656,19411,158004,34020
1341,196089,156871,60089,16126,43963,82208,16933,65275,130331,55445
1342,217392,173914,109562,94255,15307,99579,61950,37629,105785,80262
1343,178823,143058,74126,61536,12590,101748,73822,27926,58833,54470
1344,125864,100691,28324,4722,23602,73243,23451,49792,94016,69224
1345,229141,183313,119839,90313,29526,30734,23842,6892,114847,81851
1346,98000,78400,59999,52645,7354,27671,17617,10054,28516,8300
1347,25801,20641,14913,7469,7444,11924,10910,1014,11205,1458
1348,170262,136210,127947,10106,117841,127949,24926,103023,124794,112544
1349,255362,,148835,131760,17075,120705,66639,54066,121377,111897
1350,,39674,8727,4796,3931,14920,7727,7193,23837,1304
1351,292791,234233,149451,80279,69172,229118,84333,144785,212715,166526
1352,159788,127830,35520,23256,12264,69571,18924,50647,94526,72209
1353,239963,191970,134520,63626,70894,176546,170462,6084,81986,70289
1354,268710,214968,63286,23814,39472,135271,115091,20180,27962,12365
1355,240984,192787,114186,46215,67971,96113,53225,42888,136938,60709
1356,278067,222454,178931,92096,86835,164535,124885,39650,169526,100288
1357,284512,227610,15554,10838,4716,225931,111812,114119,218274,177688
1358,97575,78060,14869,6313,8556,27517,5304,22213,71021,8531
1359,288799,231039,99296,75668,23628,205400,149451,55949,70392,14192
1360,257549,206039,185798,37408,148390,161032,104821,56211,169805,2390
1361,90031,72025,35534,3370,32164,53382,42556,10826,24549,10962
1362,107922,86338,86117,62767,23350,44316,25363,18953,48792,21267
1363,144046,115237,81608,2663,78945,84965,6059,78906,100271,86272
1364,52097,41678,16730,4465,12265,20146,20061,85,23359,14807
1365,162038,129630,119538,20977,98561,100882,89859,11023,64980,39864
1366,144862,115890,16039,4241,11798,103043,71378,31665,52216,21902
1367,250229,200183,4053,3910,143,94504,17086,77418,93467,11561
1368,138834,111067,44258,10690,33568,57978,11275,46703,59617,18035
1369,113848,91078,15549,15351,198,36333,6246,30087,42890,3816
1370,72921,58337,20325,15806,4519,32389,551,31838,32620,6715
1371,200798,160638,91795,60170,31625,72613,28333,44280,93898,42453
1372,146141,116913,53803,21599,32204,48163,32578,15585,30740,27395
1373,201372,161098,140627,100167,40460,121895,87715,34180,114940,30614
1374,304821,243857,56498,35513,20985,36259,19177,17082,103712,65316
1375,75609,60487,21120,1255,19865,53488,8158,45330,49514,27813
1376,247897,198318,153170,145912,7258,121261,62802,58459,114377,106380
1377,51024,40819,39502,5623,33879,37072,23715,13357,17674,6028
1378,90313,72250,37065,33813,3252,37010,21793,15217,57641,9520
1379,204078,163262,100951,67238,33713,152257,47427,104830,115822,73587
1380,133632,106906,69873,50839,19034,55185,4722,50463,84010,71081
1381,271451,217161,58577,2915,55662,185252,125400,59852,177498,63597
1382,23051,18441,96,63,33,159,17,142,17570,4815
1383,199819,159855,103267,40064,63203,143809,134441,9368,143543,55174
1384,107235,85788,10372,4461,5911,42159,3881,38278,84177,42109
1385,217484,173987,112490,65471,47019,80493,26096,54397,158557,101059
1386,209407,167526,124932,51098,73834,119320,5722,113598,163295,76323
1387,231810,185448,83003,73561,9442,87782,33718,54064,101741,72552
1388,223687,178950,164259,111144,53115,70504,62196,8308,48407,37729
1389,93523,74818,30927,26034,4893,53611,29229,24382,38701,7237
1390,256175,204940,66481,30757,35724,143208,51052,92156,98855,77478
1391,114476,91581,36801,16526,20275,37839,20668,17171,26188,9400
1392,253841,203073,118413,80351,38062,59947,19990,39957,193453,173502
1393,299163,239330,197809,197238,571,225847,171097,54750,150767,33808
1394,242866,194293,68023,30761,37262,154501,42605,111896,119267,17060
1395,106672,85338,84609,37173,47436,84078,44154,39924,52425,21191
1396,93847,75078,33845,12020,21825,55176,38651,16525,28179,12408
1397,230706,184565,62519,9765,52754,112718,32224,80494,176655,32721
1398,48251,38601,1913,235,1678,10383,1822,8561,25745,877
1399,,98785,74243,55930,18313,42133,25650,16483,65527,20446
1400,45945,36756,24594,16422,8172,30264,5626,24638,33374,92
1401,52217,41774,39113,29483,9630,19257,2589,16668,26186,19247
1402,28308,22646,11884,3282,8602,20483,14017,6466,17566,2327
1403,288093,230474,194954,151846,43108,101964,29264,72700,91586,55583
1404,203062,162450,56743,55134,1609,31548,9159,22389,150280,148170
1405,240552,192442,88656,66488,22168,182066,99162,82904,162806,145541
1406,120235,96188,56716,23108,33608,34485,24310,10175,70639,2317
1407,94740,75792,44021,8553,35468,65980,65241,739,3741,3242
1408,348761,279009,221164,159275,61889,94291,52181,42110,64608,46742
1409,245913,196730,3110,141,2969,129873,23116,106757,114525,25052
1410,299040,239232,126902,72151,54751,74878,65388,9490,185604,173508
1411,197247,157798,129633,26294,103339,124203,107078,17125,142169,6059
1412,158877,127102,26925,18382,8543,108708,54869,53839,63348,23948
1413,25237,20190,13514,5468,8046,9609,9083,526,18937,15171
1414,40056,32045,24589,19104,5485,24736,683,24053,26102,3475
1415,196615,157292,7639,940,6699,32916,6426,26490,38731,21861
1416,207628,166102,129548,108045,21503,30760,2895,27865,136043,62925
1417,134548,107638,31105,2816,28289,42464,20192,22272,99576,27698
1418,154415,123532,78465,33321,45144,71817,47817,24000,91460,39691
1419,49375,39500,10999,4596,6403,27129,3438,23691,37374,10117
1420,160734,,91904,31789,60115,128150,16267,111883,123390,26807
1421,36964,29571,11906,9848,2058,19118,1279,17839,21066,1714
1422,133429,106743,82497,80119,2378,11975,974,11001,90165,60182
1423,272764,218211,143153,78776,64377,150324,122003,28321,183065,68983
1424,,168568,150163,32561,117602,151084,39099,111985,122971,21497
1425,236139,188911,59323,44746,14577,33425,11185,22240,23924,16957
1426,87215,69772,52866,10557,42309,56406,52834,3572,35334,11386
1427,164356,131485,120817,83787,37030,62953,20699,42254,114872,92828
1428,223861,179089,108721,79895,28826,162425,107182,55243,138272,22257
1429,29435,23548,2885,1318,1567,9048,8576,472,10610,6893
1430,195150,156120,101829,94672,7157,103113,10458,92655,120171,7948
1431,71293,57034,13048,12787,261,40454,3109,37345,44108,42848
1432,98781,79025,30856,21795,9061,25774,24655,1119,5249,1336
1433,211475,169180,23813,17737,6076,50166,17922,32244,138653,111711
1434,180196,144157,106715,2173,104542,106017,97066,8951,84321,81619
1435,246507,197206,173788,38602,135186,174826,148058,26768,190543,117619
1436,326063,260850,84297,47143,37154,199568,42354,157214,165557,55500
1437,259833,207866,115153,46563,68590,78863,46052,32811,155530,78421
1438,272377,217902,146457,74511,71946,189313,102051,87262,128567,124766
1439,186319,149055,131068,41152,89916,94538,62760,31778,42610,250
1440,141172,112938,96715,84347,12368,96336,84827,11509,111853,34603
1441,338717,270974,25864,21446,4418,29114,14646,14468,216816,27946
1442,79101,63281,53102,7209,45893,51054,15216,35838,57920,26976
1443,308790,247032,33550,1398,32152,43372,33086,10286,218692,37015
1444,43049,34439,7880,6205,1675,25035,19961,5074,19241,12851
1445,230677,184542,129658,60820,68838,142506,82316,60190,120413,15379
1446,88385,70708,65570,56872,8698,21340,17832,3508,39282,10773
1447,146131,116905,62439,5110,57329,85073,75605,9468,101030,24710
1448,216489,173191,47815,24209,23606,48039,27639,20400,95897,50691
1449,106672,85338,56778,30819,25959,77037,55378,21659,33710,6936
1450,291967,233574,82610,78703,3907,160707,118924,41783,217776,203887
1451,211232,168986,37926,7964,29962,167415,11788,155627,168693,71460
1452,324119,259295,73633,6259,67374,122423,14632,107791,255269,239331
1453,29540,23632,5748,2313,3435,18430,17685,745,2442,173
1454,36364,29091,926,863,63,23429,15509,7920,23206,13560
1455,47663,38130,5580,204,5376,36383,10478,25905,32247,2028
1456,71991,57593,24019,5257,18762,44874,34542,10332,34430,33920
1457,208751,167001,131385,77363,54022,124413,49138,75275,108566,3218
1458,182049,145639,92673,76406,16267,17749,1400,16349,125817,100508
1459,114704,91763,89882,39081,50801,74733,3225,71508,74012,59105
1460,69115,55292,37546,26566,10980,14155,2194,11961,33122,11055
1461,239295,191436,46904,16712,30192,46788,13752,33036,138293,82727
1462,211962,169570,2833,1726,1107,15245,5944,9301,107464,6182
1463,217459,173967,58669,35516,23153,70833,26892,43941,153929,61467
1464,169143,135314,79082,16718,62364,131314,51716,79598,119973,15960
1465,210347,168278,16109,11825,4284,113007,66309,46698,104456,97595
1466,31938,25550,23447,1438,22009,22909,5195,17714,24839,13312
1467,24000,19200,6781,1005,5776,10354,9722,632,14031,4364
1468,221660,177328,119074,49943,69131,106679,53667,53012,136479,15964
1469,271492,217194,204121,177850,26271,49236,5278,43958,186756,51218
1470,58304,46643,29710,6789,22921,32857,6035,26822,37975,173
1471,102986,82389,13685,5725,7960,33336,18536,14800,47622,14767
1472,171836,137469,98751,49883,48868,125114,22610,102504,111666,102781
1473,128940,103152,12954,10579,2375,69918,36845,33073,96354,47136
1474,320638,256510,180494,90874,89620,106334,38572,67762,179530,122777
1475,285517,228414,48621,16731,31890,196532,12091,184441,222070,101847
1476,270000,216000,171327,169367,1960,79460,26118,53342,133705,73996
1477,117532,94026,92264,46969,45295,93880,93140,740,82844,44790
1478,120386,96309,19357,4235,15122,82858,25598,57260,64656,22506
1479,47350,37880,19019,14243,4776,30116,27851,2265,3716,3340
1480,113008,,60809,23808,37001,80627,280,80347,86096,31463
1481,45351,36281,19218,12068,7150,33662,16998,16664,28807,27551
1482,108668,86934,12549,2163,10386,54656,18057,36599,74324,56895
1483,134585,107668,13626,4819,8807,47524,12697,34827,38347,16913
1484,227869,182295,156669,67132,89537,124017,95418,28599,70696,33879
1485,85953,68762,52439,3147,49292,58771,17663,41108,55036,38147
1486,339602,271682,146942,92653,54289,257584,9161,248423,270196,60649
1487,302502,242002,9945,841,9104,39615,27232,12383,16223,6165
1488,23267,18614,11282,8224,3058,17553,268,17285,18369,10157
1489,102745,82196,68519,27772,40747,49930,33356,16574,65558,25512
1490,,256526,235273,163404,71869,154342,139935,14407,21951,10583
1491,177164,141731,138789,132676,6113,21589,8478,13111,137998,133982
1492,31338,25070,12812,1374,11438,22625,5088,17537,18575,5594
1493,151484,121187,91138,30015,61123,80204,31394,48810,59337,20096
1494,27543,22034,307,33,274,330,1,329,19139,9828
1495,80692,64554,5447,1509,3938,30850,2323,28527,49189,7310
1496,240156,192125,163074,41438,121636,135479,92191,43288,154983,53194
1497,,195194,4706,3879,827,31706,13090,18616,55017,5547
1498,326569,261255,108116,38191,69925,103464,41130,62334,74530,23905
1499,58756,47005,23725,23038,687,1943,568,1375,17485,8485
1500,38888,31110,15388,1684,13704,28280,22673,5607,15119,4671